{
  "ABIRoot": {
    "kind": "Root",
    "name": "TopLevel",
    "printedName": "TopLevel",
    "children": [
      {
        "kind": "Import",
        "name": "Foundation",
        "printedName": "Foundation",
        "declKind": "Import",
        "moduleName": "SimpleMathFramework",
        "declAttributes": [
          "RawDocComment"
        ]
      },
      {
        "kind": "TypeDecl",
        "name": "SimpleAlgorithms",
        "printedName": "SimpleAlgorithms",
        "children": [
          {
            "kind": "Function",
            "name": "fibonacci",
            "printedName": "fibonacci(_:)",
            "children": [
              {
                "kind": "TypeNominal",
                "name": "Int",
                "printedName": "Swift.Int",
                "usr": "s:Si"
              },
              {
                "kind": "TypeNominal",
                "name": "Int",
                "printedName": "Swift.Int",
                "usr": "s:Si"
              }
            ],
            "declKind": "Func",
            "usr": "s:19SimpleMathFramework0A10AlgorithmsC9fibonacciyS2iFZ",
            "mangledName": "$s19SimpleMathFramework0A10AlgorithmsC9fibonacciyS2iFZ",
            "moduleName": "SimpleMathFramework",
            "static": true,
            "declAttributes": [
              "Final",
              "AccessControl"
            ],
            "funcSelfKind": "NonMutating"
          },
          {
            "kind": "Function",
            "name": "factorial",
            "printedName": "factorial(n:)",
            "children": [
              {
                "kind": "TypeNominal",
                "name": "Int",
                "printedName": "Swift.Int",
                "usr": "s:Si"
              },
              {
                "kind": "TypeNominal",
                "name": "Int",
                "printedName": "Swift.Int",
                "usr": "s:Si"
              }
            ],
            "declKind": "Func",
            "usr": "s:19SimpleMathFramework0A10AlgorithmsC9factorial1nS2i_tFZ",
            "mangledName": "$s19SimpleMathFramework0A10AlgorithmsC9factorial1nS2i_tFZ",
            "moduleName": "SimpleMathFramework",
            "static": true,
            "declAttributes": [
              "Final",
              "AccessControl"
            ],
            "funcSelfKind": "NonMutating"
          },
          {
            "kind": "Function",
            "name": "square",
            "printedName": "square(_:)",
            "children": [
              {
                "kind": "TypeNominal",
                "name": "Int",
                "printedName": "Swift.Int",
                "usr": "s:Si"
              },
              {
                "kind": "TypeNominal",
                "name": "Int",
                "printedName": "Swift.Int",
                "usr": "s:Si"
              }
            ],
            "declKind": "Func",
            "usr": "s:19SimpleMathFramework0A10AlgorithmsC6squareyS2iFZ",
            "mangledName": "$s19SimpleMathFramework0A10AlgorithmsC6squareyS2iFZ",
            "moduleName": "SimpleMathFramework",
            "static": true,
            "declAttributes": [
              "Final",
              "AccessControl"
            ],
            "funcSelfKind": "NonMutating"
          }
        ],
        "declKind": "Class",
        "usr": "s:19SimpleMathFramework0A10AlgorithmsC",
        "mangledName": "$s19SimpleMathFramework0A10AlgorithmsC",
        "moduleName": "SimpleMathFramework",
        "declAttributes": [
          "AccessControl"
        ],
        "hasMissingDesignatedInitializers": true
      }
    ],
    "json_format_version": 8
  },
  "ConstValues": []
}